<?xml version="1.0" encoding="UTF-8"?>
<jcr:root xmlns:sling="http://sling.apache.org/jcr/sling/1.0" xmlns:granite="http://www.adobe.com/jcr/granite/1.0" xmlns:cq="http://www.day.com/jcr/cq/1.0" xmlns:jcr="http://www.jcp.org/jcr/1.0" xmlns:nt="http://www.jcp.org/jcr/nt/1.0"
    jcr:primaryType="nt:unstructured"
    jcr:title="Card"
    sling:resourceType="cq/gui/components/authoring/dialog">
    <content jcr:primaryType="nt:unstructured">
        <items jcr:primaryType="nt:unstructured">
            <tabs jcr:primaryType="nt:unstructured">
                <items jcr:primaryType="nt:unstructured">
                    <text
                        jcr:primaryType="nt:unstructured"
                        jcr:title="Text"
                        sling:orderBefore="asset"
                        sling:resourceType="granite/ui/components/coral/foundation/container"
                        margin="{Boolean}true">
                        <items jcr:primaryType="nt:unstructured">
                            <columns
                                jcr:primaryType="nt:unstructured"
                                sling:resourceType="granite/ui/components/coral/foundation/fixedcolumns"
                                margin="{Boolean}true">
                                <items jcr:primaryType="nt:unstructured">
                                    <column
                                        jcr:primaryType="nt:unstructured"
                                        sling:resourceType="granite/ui/components/coral/foundation/container">
                                        <items jcr:primaryType="nt:unstructured">
                                            <linkGroup
                                                jcr:primaryType="nt:unstructured"
                                                sling:resourceType="granite/ui/components/coral/foundation/well">
                                                <items jcr:primaryType="nt:unstructured">
                                                    <cardPath
                                                        jcr:primaryType="nt:unstructured"
                                                        sling:resourceType="granite/ui/components/coral/foundation/form/pathfield"
                                                        fieldDescription="Identify the underlying page for the card. This will drive the link and title of the card."
                                                        fieldLabel="Card Path"
                                                        name="./cardPath"
                                                        rootPath="/content"/>
                                                    <ctaText
                                                        jcr:primaryType="nt:unstructured"
                                                        sling:resourceType="granite/ui/components/coral/foundation/form/textfield"
                                                        fieldDescription="Text to display for the Call to Action button"
                                                        fieldLabel="CTA Text"
                                                        name="./ctaText"/>
                                                </items>
                                            </linkGroup>
                                            <titleGroup
                                                granite:hide="${cqDesign.titleHidden}"
                                                jcr:primaryType="nt:unstructured"
                                                sling:resourceType="granite/ui/components/coral/foundation/well">
                                                <items jcr:primaryType="nt:unstructured">
                                                    <title
                                                        jcr:primaryType="nt:unstructured"
                                                        sling:resourceType="granite/ui/components/coral/foundation/form/textfield"
                                                        fieldDescription="A title to display as the headline for the card."
                                                        fieldLabel="Card Title"
                                                        name="./cardTitle"/>
                                                    <titleFromLinkedPage
                                                        jcr:primaryType="nt:unstructured"
                                                        sling:resourceType="granite/ui/components/coral/foundation/form/checkbox"
                                                        checked="{Boolean}false"
                                                        fieldDescription="When checked, populate the title with the linked page's title based on the Card Path."
                                                        name="./titleFromPage"
                                                        text="Get title from linked page"
                                                        uncheckedValue="{Boolean}false"
                                                        value="{Boolean}true"/>
                                                </items>
                                            </titleGroup>
                                        </items>
                                    </column>
                                </items>
                            </columns>
                        </items>
                    </text>
                    <metadata
                        jcr:primaryType="nt:unstructured"
                        jcr:title="Asset Metadata">
                        <items jcr:primaryType="nt:unstructured">
                            <columns
                                jcr:primaryType="nt:unstructured">
                                <items jcr:primaryType="nt:unstructured">
                                    <column
                                        jcr:primaryType="nt:unstructured">
                                        <items jcr:primaryType="nt:unstructured">
                                            <linkURL
                                                jcr:primaryType="nt:unstructured"
                                                sling:hideResource="{Boolean}true"/>
                                        </items>
                                    </column>
                                </items>
                            </columns>
                        </items>
                    </metadata>
                </items>
            </tabs>
        </items>
    </content>
</jcr:root> 