<?xml version="1.0" encoding="UTF-8"?>
<jcr:root xmlns:sling="http://sling.apache.org/jcr/sling/1.0" xmlns:granite="http://www.adobe.com/jcr/granite/1.0" xmlns:cq="http://www.day.com/jcr/cq/1.0" xmlns:jcr="http://www.jcp.org/jcr/1.0" xmlns:nt="http://www.jcp.org/jcr/nt/1.0"
    jcr:primaryType="nt:unstructured"
    jcr:title="College Management"
    sling:resourceType="cq/gui/components/authoring/dialog">
    <content
        jcr:primaryType="nt:unstructured"
        sling:resourceType="granite/ui/components/coral/foundation/container">
        <items jcr:primaryType="nt:unstructured">
            <tabs
                jcr:primaryType="nt:unstructured"
                sling:resourceType="granite/ui/components/coral/foundation/tabs"
                maximized="{Boolean}true">
                <items jcr:primaryType="nt:unstructured">
                    <Student-Info
                        jcr:primaryType="nt:unstructured"
                        jcr:title="Student Info"
                        sling:resourceType="granite/ui/components/coral/foundation/container"
                        margin="{Boolean}true">
                        <items jcr:primaryType="nt:unstructured">
                            <columns
                                jcr:primaryType="nt:unstructured"
                                sling:resourceType="granite/ui/components/coral/foundation/fixedcolumns"
                                margin="{Boolean}true">
                                <items jcr:primaryType="nt:unstructured">
                                    <column
                                        jcr:primaryType="nt:unstructured"
                                        sling:resourceType="granite/ui/components/coral/foundation/container">
                                        <items jcr:primaryType="nt:unstructured">
                                            <name
                                                jcr:primaryType="nt:unstructured"
                                                sling:resourceType="granite/ui/components/coral/foundation/form/textfield"
                                                fieldDescription="The text to display on the component."
                                                fieldLabel="Name"
                                                name="./name"/>   
                                            <about 
                                                jcr:primaryType="nt:unstructured"
                                                sling:resourceType="granite/ui/components/coral/foundation/form/textarea"
                                                fieldDescription="The text to display on the component."
                                                fieldLabel="About YourSelf"
                                                name="./about"
                                            />
                                            <mail 
                                                jcr:primaryType="nt:unstructured"
                                                sling:resourceType="granite/ui/components/coral/foundation/form/textfield"
                                                fieldDescription="The text to display on the component."
                                                fieldLabel="Email"
                                                name="./email"
                                            /> 
                                            <address 
                                                jcr:primaryType="nt:unstructured"
                                                sling:resourceType="granite/ui/components/coral/foundation/form/textarea"
                                                fieldDescription="The text to display on the component."
                                                fieldLabel="Address"
                                                name="./address"
                                            /> 
                                            <mobile-number 
                                                jcr:primaryType="nt:unstructured"
                                                sling:resourceType="granite/ui/components/coral/foundation/form/numberfield"
                                                fieldDescription="The text to display on the component."
                                                fieldLabel="Mobile Number"
                                                name="./mobnumber"
                                                value="100"
                                            /> 
                                            <dob
                                                jcr:primaryType="nt:unstructured"
                                                jcr:title="Image"
                                                sling:resourceType="granite/ui/components/coral/foundation/form/datepicker"
                                                fieldLabel="Date Of Birth"
                                                name="./dob"
                                            />
                                             <selectionType
                                                    jcr:primaryType="nt:unstructured"
                                                    granite:class="fordplus-radiobutton-field"
                                                    sling:resourceType="granite/ui/components/coral/foundation/form/radiogroup"
                                                    required="{Boolean}true"
                                                    defaultValue="image"
                                                    fieldLabel="Gender"
                                                    name="./gender"
                                                    type="radio">
                                                <items jcr:primaryType="nt:unstructured">
                                                    <male
                                                            jcr:primaryType="nt:unstructured"
                                                            checked="{Boolean}true"
                                                            text="Male"
                                                            value="Male"/>
                                                    <Female
                                                            jcr:primaryType="nt:unstructured"
                                                            text="female"
                                                            value="Female"/>
                                                </items>
                                            </selectionType>
                                            <image
                                                jcr:primaryType="nt:unstructured"
                                                sling:resourceType="cq/gui/components/authoring/dialog/fileupload"
                                                allowUpload="{Boolean}false"
                                                autoStart="{Boolean}false"
                                                class="cq-droptarget"
                                                fieldLabel="Upload Image"
                                                fileNameParameter="./fileName"
                                                fileReferenceParameter="./fileReference"
                                                mimeTypes="[image]"
                                                multiple="{Boolean}false"
                                                name="./file"
                                                required="{Boolean}false"
                                                title="Upload Image Asset"
                                                uploadUrl="${suffix.path}"
                                                useHTML5="{Boolean}true"
                                            />    
                                        </items>
                                    </column>
                                </items>
                            </columns>
                        </items>
                    </Student-Info>
                    <College-Info
                        jcr:primaryType="nt:unstructured"
                        jcr:title="College Info"
                        sling:resourceType="granite/ui/components/coral/foundation/container"
                        margin="{Boolean}true">
                        <items jcr:primaryType="nt:unstructured">
                            <columns
                                jcr:primaryType="nt:unstructured"
                                sling:resourceType="granite/ui/components/coral/foundation/fixedcolumns"
                                margin="{Boolean}true">
                                <items jcr:primaryType="nt:unstructured">
                                    <column
                                        jcr:primaryType="nt:unstructured"
                                        sling:resourceType="granite/ui/components/coral/foundation/container">
                                        <items jcr:primaryType="nt:unstructured">
                                            <college-name
                                                jcr:primaryType="nt:unstructured"
                                                sling:resourceType="granite/ui/components/coral/foundation/form/textfield"
                                                fieldDescription="The text to display on the component."
                                                fieldLabel="College Name"
                                                name="./collegename"/> 
                                            <about-college
                                                jcr:primaryType="nt:unstructured"
                                                sling:resourceType="granite/ui/components/coral/foundation/form/textarea"
                                                fieldDescription="The text to display on the component."
                                                fieldLabel="College About"
                                                name="./collegeabout"/> 
                                            <mobile-college 
                                                jcr:primaryType="nt:unstructured"
                                                sling:resourceType="granite/ui/components/coral/foundation/form/numberfield"
                                                fieldDescription="The text to display on the component."
                                                fieldLabel="Mobile Number"
                                                name="./collegeNumber"
                                                value="100"
                                            />
                                            <image
                                                jcr:primaryType="nt:unstructured"
                                                sling:resourceType="cq/gui/components/authoring/dialog/fileupload"
                                                allowUpload="{Boolean}false"
                                                autoStart="{Boolean}false"
                                                class="cq-droptarget"
                                                fieldLabel="College Image"
                                                fileNameParameter="./fileName"
                                                fileReferenceParameter="./fileReference"
                                                mimeTypes="[image]"
                                                multiple="{Boolean}false"
                                                name="./file"
                                                required="{Boolean}false"
                                                title="Upload Image Asset"
                                                uploadUrl="${suffix.path}"
                                                useHTML5="{Boolean}true"
                                            />
                                            <Collegelink
                                                jcr:primaryType="nt:unstructured"
                                                sling:resourceType="granite/ui/components/coral/foundation/form/pathfield"
                                                fieldDescription="The text to display on the component."
                                                fieldLabel="College Link"  
                                                target="_blank" 
                                                name="./collegelink"/>     
                                        </items>
                                    </column>
                                </items>
                               
                            </columns>
                        </items>
                    </College-Info>
                    <Course-Info
                        jcr:primaryType="nt:unstructured"
                        jcr:title="Course Info"
                        sling:resourceType="granite/ui/components/coral/foundation/container"
                        margin="{Boolean}true">
                        <items jcr:primaryType="nt:unstructured">
                            <columns
                                jcr:primaryType="nt:unstructured"
                                sling:resourceType="granite/ui/components/coral/foundation/fixedcolumns"
                                margin="{Boolean}true">
                                <items jcr:primaryType="nt:unstructured">
                                    <column
                                        jcr:primaryType="nt:unstructured"
                                        sling:resourceType="granite/ui/components/coral/foundation/container">
                                        <items jcr:primaryType="nt:unstructured">
                                        <course-name
                                                jcr:primaryType="nt:unstructured"
                                                sling:resourceType="granite/ui/components/coral/foundation/form/textfield"
                                                fieldDescription="The text to display on the component."
                                                fieldLabel="Course Name"
                                                name="./coursename"/> 
                                        <course-details
                                            jcr:primaryType="nt:unstructured"
                                            sling:resourceType="granite/ui/components/coral/foundation/form/textarea"
                                            fieldDescription="The text to display on the component."
                                            fieldLabel="Course Details"
                                            name="./coursedetails"/> 
                                        <type
                                            sling:resourceType="granite/ui/components/foundation/form/select"
                                            fieldLabel="Stream" 
                                            name="./stream"
                                            jcr:primaryType="nt:unstructured">
                                            <items jcr:primaryType="nt:unstructured">
                                                <option1 jcr:primaryType="nt:unstructured" text="CSE" />
                                                <option2 jcr:primaryType="nt:unstructured" text="IT" />
                                                <option3 jcr:primaryType="nt:unstructured" text="ETC" />
                                                <option4 jcr:primaryType="nt:unstructured" text="ME" />
                                                <option5 jcr:primaryType="nt:unstructured" text="MBA" />
                                            </items>
                                        </type>
                                          
                                        </items>
                                    </column>
                                </items>
                            </columns>
                        </items>
                    </Course-Info>
                </items>
            </tabs>
        </items>
    </content>
</jcr:root>