<?xml version="1.0" encoding="UTF-8"?>
<jcr:root xmlns:sling="http://sling.apache.org/jcr/sling/1.0" xmlns:granite="http://www.adobe.com/jcr/granite/1.0"
          xmlns:cq="http://www.day.com/jcr/cq/1.0" xmlns:jcr="http://www.jcp.org/jcr/1.0"
          xmlns:nt="http://www.jcp.org/jcr/nt/1.0"
          jcr:primaryType="nt:unstructured"
          jcr:title="Ford Plus"
          sling:resourceType="cq/gui/components/authoring/dialog"
          trackingFeature="core-components:fordplus">
    <content
            jcr:primaryType="nt:unstructured"
            sling:resourceType="granite/ui/components/coral/foundation/container">
        <items jcr:primaryType="nt:unstructured">
            <tabs
                    jcr:primaryType="nt:unstructured"
                    sling:resourceType="granite/ui/components/coral/foundation/tabs"
                    maximized="{Boolean}true">
                <items jcr:primaryType="nt:unstructured">
                    <properties
                            jcr:primaryType="nt:unstructured"
                            jcr:title="Properties"
                            sling:resourceType="granite/ui/components/coral/foundation/container"
                            margin="{Boolean}true">
                        <items jcr:primaryType="nt:unstructured">
                            <columns
                                    jcr:primaryType="nt:unstructured"
                                    sling:resourceType="granite/ui/components/coral/foundation/fixedcolumns"
                                    margin="{Boolean}true">
                                <items jcr:primaryType="nt:unstructured">
                                    <column
                                            granite:class="cq-RichText-FixedColumn-column"
                                            jcr:primaryType="nt:unstructured"
                                            sling:resourceType="granite/ui/components/coral/foundation/container">
                                        <items jcr:primaryType="nt:unstructured">
                                            <title
                                                    jcr:primaryType="nt:unstructured"
                                                    sling:resourceType="granite/ui/components/coral/foundation/form/textfield"
                                                    fieldDescription="Title"
                                                    fieldLabel="Title"
                                                    required="{Boolean}true"
                                                    name="./title"
                                                    maxlength="{Long}60"/>
                                            <text
                                                    jcr:primaryType="nt:unstructured"
                                                    sling:resourceType="granite/ui/components/coral/foundation/form/textarea"
                                                    required="{Boolean}true"
                                                    fieldLabel="Text"
                                                    maxlength="120"
                                                    name="./text"
                                                    useFixedInlineToolbar="{Boolean}true">
                                                <rtePlugins jcr:primaryType="nt:unstructured">
                                                    <justify
                                                            jcr:primaryType="nt:unstructured"
                                                            features="*"/>
                                                </rtePlugins>
                                            </text>
                                            <selectionType
                                                    jcr:primaryType="nt:unstructured"
                                                    granite:class="fordplus-radiobutton-field"
                                                    sling:resourceType="granite/ui/components/coral/foundation/form/radiogroup"
                                                    required="{Boolean}true"
                                                    defaultValue="image"
                                                    fieldLabel="Selection Type"
                                                    name="./selectionType"
                                                    type="radio">
                                                <items jcr:primaryType="nt:unstructured">
                                                    <image
                                                            jcr:primaryType="nt:unstructured"
                                                            checked="{Boolean}true"
                                                            text="Image"
                                                            value="image"/>
                                                    <video
                                                            jcr:primaryType="nt:unstructured"
                                                            text="Video"
                                                            value="video"/>
                                                </items>
                                            </selectionType>
                                            <image-well
                                                    jcr:primaryType="nt:unstructured"
                                                    granite:class="fordplus-image-well"
                                                    sling:resourceType="granite/ui/components/coral/foundation/well"
                                                    margin="{Boolean}true">
                                                <items jcr:primaryType="nt:unstructured">
                                                    <imagepath
                                                            jcr:primaryType="nt:unstructured"
                                                            sling:resourceType="granite/ui/components/coral/foundation/form/pathfield"
                                                            fieldLabel="Image Path"
                                                            name="./imagePath"
                                                            rootPath="/content/dam"/>
                                                    <bgimagepath
                                                            jcr:primaryType="nt:unstructured"
                                                            sling:resourceType="granite/ui/components/coral/foundation/form/pathfield"
                                                            fieldLabel="Background Image Path"
                                                            required="{Boolean}true"
                                                            name="./bgimagePath"
                                                            rootPath="/content/dam"/>
                                                </items>
                                            </image-well>
                                            <link
                                                    jcr:primaryType="nt:unstructured"
                                                    sling:resourceType="granite/ui/components/coral/foundation/include"
                                                    path="/mnt/overlay/atford2/components/commons/editor/dialog/link/v2/link/edit/link">
                                            </link>
                                        </items>
                                    </column>
                                </items>
                            </columns>
                        </items>
                    </properties>
                </items>
            </tabs>
        </items>
    </content>
</jcr:root>