<?xml version="1.0" encoding="UTF-8"?>
<jcr:root xmlns:sling="http://sling.apache.org/jcr/sling/1.0" xmlns:granite="http://www.adobe.com/jcr/granite/1.0" xmlns:cq="http://www.day.com/jcr/cq/1.0" xmlns:jcr="http://www.jcp.org/jcr/1.0" xmlns:nt="http://www.jcp.org/jcr/nt/1.0"
    jcr:primaryType="nt:unstructured"
    jcr:title="Dropdown Component"
    sling:resourceType="cq/gui/components/authoring/dialog">
    <content
        jcr:primaryType="nt:unstructured"
        sling:resourceType="granite/ui/components/coral/foundation/container">
        <items jcr:primaryType="nt:unstructured">
            <tabs
                jcr:primaryType="nt:unstructured"
                sling:resourceType="granite/ui/components/coral/foundation/tabs"
                maximized="{Boolean}true">
                <items jcr:primaryType="nt:unstructured">
                    <properties
                        jcr:primaryType="nt:unstructured"
                        jcr:title="Dropdown"
                        sling:resourceType="granite/ui/components/coral/foundation/container"
                        margin="{Boolean}true">
                        <items jcr:primaryType="nt:unstructured">
                            <columns
                                jcr:primaryType="nt:unstructured"
                                sling:resourceType="granite/ui/components/coral/foundation/fixedcolumns"
                                margin="{Boolean}true">
                                <items jcr:primaryType="nt:unstructured">
                                    <column
                                        jcr:primaryType="nt:unstructured"
                                        sling:resourceType="granite/ui/components/coral/foundation/container">
                                        <items jcr:primaryType="nt:unstructured">
                                            <textTitle
                                                jcr:primaryType="nt:unstructured"
                                                sling:resourceType="granite/ui/components/coral/foundation/form/textfield"
                                                fieldDescription="The text to display on the component."
                                                fieldLabel="Title"
                                                name="./textTitle"/>
                                            <textfield
                                                jcr:primaryType="nt:unstructured"
                                                sling:resourceType="granite/ui/components/coral/foundation/form/textarea"
                                                fieldDescription="The text to display on the component."
                                                fieldLabel="Text"   
                                                name="./text"/>
                                            <type
                                                sling:resourceType="granite/ui/components/foundation/form/select"
                                                fieldLabel="Flower" 
                                                name="./type"
                                                jcr:primaryType="nt:unstructured">
                                                <items jcr:primaryType="nt:unstructured">
                                                    <option1 jcr:primaryType="nt:unstructured" text="Lotus" />
                                                    <option2 jcr:primaryType="nt:unstructured" text="Rose" />
                                                    <option3 jcr:primaryType="nt:unstructured" text="lily" />
                                                    <option4 jcr:primaryType="nt:unstructured" text="Jasmine" />
                                                    <option5 jcr:primaryType="nt:unstructured" text="Marigold" />
                                                </items>
                                            </type>
                                        </items>
                                    </column>
                                </items>
                            </columns>
                        </items>
                    </properties>
                </items>
            </tabs>
        </items>
    </content>
</jcr:root>