<?xml version="1.0" encoding="UTF-8"?>
<jcr:root xmlns:sling="http://sling.apache.org/jcr/sling/1.0"
          xmlns:cq="http://www.day.com/jcr/cq/1.0"
          xmlns:jcr="http://www.jcp.org/jcr/1.0"
          xmlns:nt="http://www.jcp.org/jcr/nt/1.0"
          jcr:primaryType="nt:unstructured"
          jcr:title="Announcement"
          sling:resourceType="cq/gui/components/authoring/dialog">
    <content jcr:primaryType="nt:unstructured"
             sling:resourceType="granite/ui/components/coral/foundation/container">
        <items jcr:primaryType="nt:unstructured">
            <tabs jcr:primaryType="nt:unstructured"
                  sling:resourceType="granite/ui/components/coral/foundation/tabs"
                  maximized="{Boolean}true">
                <items jcr:primaryType="nt:unstructured">
                    <announcements jcr:primaryType="nt:unstructured"
                                   jcr:title="Properties"
                                   sling:resourceType="granite/ui/components/coral/foundation/container"
                                   margin="{Boolean}true">
                        <items jcr:primaryType="nt:unstructured">
                            <columns jcr:primaryType="nt:unstructured"
                                     sling:resourceType="granite/ui/components/coral/foundation/fixedcolumns"
                                     margin="{Boolean}true">
                                <items jcr:primaryType="nt:unstructured">
                                    <column jcr:primaryType="nt:unstructured"
                                            sling:resourceType="granite/ui/components/coral/foundation/container">
                                        <items jcr:primaryType="nt:unstructured">
                                            <title jcr:primaryType="nt:unstructured"
                                                   sling:resourceType="granite/ui/components/coral/foundation/form/textfield"
                                                   fieldDescription="Title"
                                                   fieldLabel="Title"
                                                   value="Announcements"
                                                   required="true"
                                                   name="./title" />
                                            <image jcr:primaryType="nt:unstructured"
                                                   sling:resourceType="cq/gui/components/authoring/dialog/fileupload"
                                                   autoStart="{Boolean}false"
                                                   class="cq-droptarget"
                                                   fieldLabel="Image"
                                                   fileNameParameter="./fileName"
                                                   fileReferenceParameter="./fileReference"
                                                   mimeTypes="[image]"
                                                   allowUpload="{Boolean}false"
                                                   multiple="{Boolean}false"
                                                   name="./file"
                                                   title="Upload Image Asset"
                                                   uploadUrl="${suffix.path}"
                                                   useHTML5="{Boolean}true"
                                                   required="{Boolean}false" />
                                            <link fieldDescription="URL"
                                                  fieldLabel="URL"
                                                  jcr:primaryType="nt:unstructured"
                                                  sling:resourceType="granite/ui/components/coral/foundation/form/pathfield"
                                                  required="{Boolean}true"
                                                  name="./link" />
                                            <description fieldDescription="Description"
                                                         fieldLabel="Description"
                                                         jcr:primaryType="nt:unstructured"
                                                         sling:resourceType="granite/ui/components/coral/foundation/form/textarea"
                                                         name="./description" />
                                            <accordian jcr:primaryType="nt:unstructured"
                                                       sling:resourceType="granite/ui/components/coral/foundation/form/multifield"
                                                       composite="{Boolean}true"
                                                       fieldLabel="News">
                                                <field jcr:primaryType="nt:unstructured"
                                                       sling:resourceType="granite/ui/components/coral/foundation/container"
                                                       name="./multifields">
                                                    <items jcr:primaryType="nt:unstructured">
                                                        <column jcr:primaryType="nt:unstructured"
                                                                sling:resourceType="granite/ui/components/coral/foundation/container">
                                                            <items jcr:primaryType="nt:unstructured">
                                                                <image jcr:primaryType="nt:unstructured"
                                                                    sling:resourceType="cq/gui/components/authoring/dialog/fileupload"
                                                                    autoStart="{Boolean}false"
                                                                    class="cq-droptarget"
                                                                    fieldLabel="Image"
                                                                    fileNameParameter="./fileName"
                                                                    fileReferenceParameter="./fileReference"
                                                                    mimeTypes="[image]"
                                                                    allowUpload="{Boolean}false"
                                                                    multiple="{Boolean}false"
                                                                    name="./file"
                                                                    title="Upload Image Asset"
                                                                    uploadUrl="${suffix.path}"
                                                                    useHTML5="{Boolean}true"
                                                                    required="{Boolean}false" />
                                                            </items>
                                                        </column>
                                                    </items>
                                                </field>
                                            </accordian>
                                        </items>
                                    </column>
                                </items>
                            </columns>
                        </items>
                    </announcements>
                </items>
            </tabs>
        </items>
    </content>
</jcr:root>